Copyright 1986-2022 Xilinx, Inc. All Rights Reserved. Copyright 2022-2025 Advanced Micro Devices, Inc. All Rights Reserved.
--------------------------------------------------------------------------------------------------------------------------------------------------------------------------------------------------------------------------------------
| Tool Version : Vivado v.2025.1 (win64) Build 6140274 Thu May 22 00:12:29 MDT 2025
| Date         : Mon Nov 24 23:59:50 2025
| Host         : LAPTOP-4R2C46QK running 64-bit major release  (build 9200)
| Command      : report_timing_summary -max_paths 10 -file fp_pikachu_volleyball_timing_summary_routed.rpt -pb fp_pikachu_volleyball_timing_summary_routed.pb -rpx fp_pikachu_volleyball_timing_summary_routed.rpx -warn_on_violation
| Design       : fp_pikachu_volleyball
| Device       : 7a35ti-csg324
| Speed File   : -1L  PRODUCTION 1.23 2018-06-13
| Design State : Routed
--------------------------------------------------------------------------------------------------------------------------------------------------------------------------------------------------------------------------------------

Timing Summary Report

------------------------------------------------------------------------------------------------
| Timer Settings
| --------------
------------------------------------------------------------------------------------------------

  Enable Multi Corner Analysis               :  Yes
  Enable Pessimism Removal                   :  Yes
  Pessimism Removal Resolution               :  Nearest Common Node
  Enable Input Delay Default Clock           :  No
  Enable Preset / Clear Arcs                 :  No
  Disable Flight Delays                      :  No
  Ignore I/O Paths                           :  No
  Timing Early Launch at Borrowing Latches   :  No
  Borrow Time for Max Delay Exceptions       :  Yes
  Merge Timing Exceptions                    :  Yes
  Inter-SLR Compensation                     :  Conservative

  Corner  Analyze    Analyze    
  Name    Max Paths  Min Paths  
  ------  ---------  ---------  
  Slow    Yes        Yes        
  Fast    Yes        Yes        


------------------------------------------------------------------------------------------------
| Report Methodology
| ------------------
------------------------------------------------------------------------------------------------

Rule       Severity          Description                                 Violations  
---------  ----------------  ------------------------------------------  ----------  
TIMING-17  Critical Warning  Non-clocked sequential cell                 24          
SYNTH-6    Warning           Timing of a RAM block might be sub-optimal  36          
TIMING-18  Warning           Missing input or output delay               17          

Note: This report is based on the most recent report_methodology run and may not be up-to-date. Run report_methodology on the current design for the latest report.



check_timing report

Table of Contents
-----------------
1. checking no_clock (24)
2. checking constant_clock (0)
3. checking pulse_width_clock (0)
4. checking unconstrained_internal_endpoints (77)
5. checking no_input_delay (3)
6. checking no_output_delay (14)
7. checking multiple_clock (0)
8. checking generated_clocks (0)
9. checking loops (0)
10. checking partial_input_delay (0)
11. checking partial_output_delay (0)
12. checking latch_loops (0)

1. checking no_clock (24)
-------------------------
 There are 24 register/latch pins with no clock driven by root clock pin: clk_divider0/clk_out_reg/Q (HIGH)


2. checking constant_clock (0)
------------------------------
 There are 0 register/latch pins with constant_clock.


3. checking pulse_width_clock (0)
---------------------------------
 There are 0 register/latch pins which need pulse_width check


4. checking unconstrained_internal_endpoints (77)
-------------------------------------------------
 There are 77 pins that are not constrained for maximum delay. (HIGH)

 There are 0 pins that are not constrained for maximum delay due to constant clock.


5. checking no_input_delay (3)
------------------------------
 There are 3 input ports with no input delay specified. (HIGH)

 There are 0 input ports with no input delay but user has a false path constraint.


6. checking no_output_delay (14)
--------------------------------
 There are 14 ports with no output delay specified. (HIGH)

 There are 0 ports with no output delay but user has a false path constraint

 There are 0 ports with no output delay but with a timing clock defined on it or propagating through it


7. checking multiple_clock (0)
------------------------------
 There are 0 register/latch pins with multiple clocks.


8. checking generated_clocks (0)
--------------------------------
 There are 0 generated clocks that are not connected to a clock source.


9. checking loops (0)
---------------------
 There are 0 combinational loops in the design.


10. checking partial_input_delay (0)
------------------------------------
 There are 0 input ports with partial input delay specified.


11. checking partial_output_delay (0)
-------------------------------------
 There are 0 ports with partial output delay specified.


12. checking latch_loops (0)
----------------------------
 There are 0 combinational latch loops in the design through latch input



------------------------------------------------------------------------------------------------
| Design Timing Summary
| ---------------------
------------------------------------------------------------------------------------------------

    WNS(ns)      TNS(ns)  TNS Failing Endpoints  TNS Total Endpoints      WHS(ns)      THS(ns)  THS Failing Endpoints  THS Total Endpoints     WPWS(ns)     TPWS(ns)  TPWS Failing Endpoints  TPWS Total Endpoints  
    -------      -------  ---------------------  -------------------      -------      -------  ---------------------  -------------------     --------     --------  ----------------------  --------------------  
      1.444        0.000                      0                 1089        0.089        0.000                      0                 1089        4.500        0.000                       0                   233  


All user specified timing constraints are met.


------------------------------------------------------------------------------------------------
| Clock Summary
| -------------
------------------------------------------------------------------------------------------------

Clock        Waveform(ns)       Period(ns)      Frequency(MHz)
-----        ------------       ----------      --------------
sys_clk_pin  {0.000 5.000}      10.000          100.000         


------------------------------------------------------------------------------------------------
| Intra Clock Table
| -----------------
------------------------------------------------------------------------------------------------

Clock             WNS(ns)      TNS(ns)  TNS Failing Endpoints  TNS Total Endpoints      WHS(ns)      THS(ns)  THS Failing Endpoints  THS Total Endpoints     WPWS(ns)     TPWS(ns)  TPWS Failing Endpoints  TPWS Total Endpoints  
-----             -------      -------  ---------------------  -------------------      -------      -------  ---------------------  -------------------     --------     --------  ----------------------  --------------------  
sys_clk_pin         1.444        0.000                      0                 1089        0.089        0.000                      0                 1089        4.500        0.000                       0                   233  


------------------------------------------------------------------------------------------------
| Inter Clock Table
| -----------------
------------------------------------------------------------------------------------------------

From Clock    To Clock          WNS(ns)      TNS(ns)  TNS Failing Endpoints  TNS Total Endpoints      WHS(ns)      THS(ns)  THS Failing Endpoints  THS Total Endpoints  
----------    --------          -------      -------  ---------------------  -------------------      -------      -------  ---------------------  -------------------  


------------------------------------------------------------------------------------------------
| Other Path Groups Table
| -----------------------
------------------------------------------------------------------------------------------------

Path Group    From Clock    To Clock          WNS(ns)      TNS(ns)  TNS Failing Endpoints  TNS Total Endpoints      WHS(ns)      THS(ns)  THS Failing Endpoints  THS Total Endpoints  
----------    ----------    --------          -------      -------  ---------------------  -------------------      -------      -------  ---------------------  -------------------  


------------------------------------------------------------------------------------------------
| Timing Details
| --------------
------------------------------------------------------------------------------------------------


---------------------------------------------------------------------------------------------------
From Clock:  sys_clk_pin
  To Clock:  sys_clk_pin

Setup :            0  Failing Endpoints,  Worst Slack        1.444ns,  Total Violation        0.000ns
Hold  :            0  Failing Endpoints,  Worst Slack        0.089ns,  Total Violation        0.000ns
PW    :            0  Failing Endpoints,  Worst Slack        4.500ns,  Total Violation        0.000ns
---------------------------------------------------------------------------------------------------


Max Delay Paths
--------------------------------------------------------------------------------------
Slack (MET) :             1.444ns  (required time - arrival time)
  Source:                 pikachu_usr_hpos_reg[1]/C
                            (rising edge-triggered cell FDRE clocked by sys_clk_pin  {rise@0.000ns fall@5.000ns period=10.000ns})
  Destination:            pixel_addr_pikachu_reg/PCIN[0]
                            (rising edge-triggered cell DSP48E1 clocked by sys_clk_pin  {rise@0.000ns fall@5.000ns period=10.000ns})
  Path Group:             sys_clk_pin
  Path Type:              Setup (Max at Slow Process Corner)
  Requirement:            10.000ns  (sys_clk_pin rise@10.000ns - sys_clk_pin rise@0.000ns)
  Data Path Delay:        7.170ns  (logic 3.919ns (54.659%)  route 3.251ns (45.341%))
  Logic Levels:           6  (CARRY4=2 DSP48E1=1 LUT3=2 LUT6=1)
  Clock Path Skew:        0.050ns (DCD - SCD + CPR)
    Destination Clock Delay (DCD):    4.894ns = ( 14.894 - 10.000 ) 
    Source Clock Delay      (SCD):    5.104ns
    Clock Pessimism Removal (CPR):    0.259ns
  Clock Uncertainty:      0.035ns  ((TSJ^2 + TIJ^2)^1/2 + DJ) / 2 + PE
    Total System Jitter     (TSJ):    0.071ns
    Total Input Jitter      (TIJ):    0.000ns
    Discrete Jitter          (DJ):    0.000ns
    Phase Error              (PE):    0.000ns

    Location             Delay type                Incr(ns)  Path(ns)    Netlist Resource(s)
  -------------------------------------------------------------------    -------------------
                         (clock sys_clk_pin rise edge)
                                                      0.000     0.000 r  
    E3                                                0.000     0.000 r  clk (IN)
                         net (fo=0)                   0.000     0.000    clk
    E3                   IBUF (Prop_ibuf_I_O)         1.489     1.489 r  clk_IBUF_inst/O
                         net (fo=1, routed)           1.967     3.455    clk_IBUF
    BUFGCTRL_X0Y16       BUFG (Prop_bufg_I_O)         0.096     3.551 r  clk_IBUF_BUFG_inst/O
                         net (fo=232, routed)         1.553     5.104    clk_IBUF_BUFG
    SLICE_X52Y62         FDRE                                         r  pikachu_usr_hpos_reg[1]/C
  -------------------------------------------------------------------    -------------------
    SLICE_X52Y62         FDRE (Prop_fdre_C_Q)         0.518     5.622 r  pikachu_usr_hpos_reg[1]/Q
                         net (fo=19, routed)          1.041     6.663    vs0/p_1_out[1]
    SLICE_X52Y59         LUT6 (Prop_lut6_I3_O)        0.124     6.787 r  vs0/p_1_out_i_45/O
                         net (fo=3, routed)           0.591     7.378    vs0/p_1_out_i_45_n_0
    SLICE_X51Y59         LUT3 (Prop_lut3_I2_O)        0.124     7.502 r  vs0/p_1_out_i_41/O
                         net (fo=1, routed)           0.000     7.502    vs0/p_1_out_i_41_n_0
    SLICE_X51Y59         CARRY4 (Prop_carry4_S[3]_CO[3])
                                                      0.401     7.903 r  vs0/p_1_out_i_32/CO[3]
                         net (fo=1, routed)           0.000     7.903    vs0/p_1_out_i_32_n_0
    SLICE_X51Y60         CARRY4 (Prop_carry4_CI_CO[1])
                                                      0.157     8.060 f  vs0/p_1_out_i_24/CO[1]
                         net (fo=22, routed)          0.956     9.016    vs0/p_1_out_i_24_n_2
    SLICE_X54Y62         LUT3 (Prop_lut3_I0_O)        0.355     9.371 r  vs0/p_1_out_i_1/O
                         net (fo=9, routed)           0.661    10.032    pikachu_usr_region
    DSP48_X1Y24          DSP48E1 (Prop_dsp48e1_C[12]_PCOUT[0])
                                                      2.240    12.272 r  p_1_out/PCOUT[0]
                         net (fo=1, routed)           0.002    12.274    p_1_out_n_153
    DSP48_X1Y25          DSP48E1                                      r  pixel_addr_pikachu_reg/PCIN[0]
  -------------------------------------------------------------------    -------------------

                         (clock sys_clk_pin rise edge)
                                                     10.000    10.000 r  
    E3                                                0.000    10.000 r  clk (IN)
                         net (fo=0)                   0.000    10.000    clk
    E3                   IBUF (Prop_ibuf_I_O)         1.418    11.418 r  clk_IBUF_inst/O
                         net (fo=1, routed)           1.862    13.280    clk_IBUF
    BUFGCTRL_X0Y16       BUFG (Prop_bufg_I_O)         0.091    13.371 r  clk_IBUF_BUFG_inst/O
                         net (fo=232, routed)         1.523    14.894    clk_IBUF_BUFG
    DSP48_X1Y25          DSP48E1                                      r  pixel_addr_pikachu_reg/CLK
                         clock pessimism              0.259    15.154    
                         clock uncertainty           -0.035    15.119    
    DSP48_X1Y25          DSP48E1 (Setup_dsp48e1_CLK_PCIN[0])
                                                     -1.400    13.719    pixel_addr_pikachu_reg
  -------------------------------------------------------------------
                         required time                         13.719    
                         arrival time                         -12.274    
  -------------------------------------------------------------------
                         slack                                  1.444    

Slack (MET) :             1.444ns  (required time - arrival time)
  Source:                 pikachu_usr_hpos_reg[1]/C
                            (rising edge-triggered cell FDRE clocked by sys_clk_pin  {rise@0.000ns fall@5.000ns period=10.000ns})
  Destination:            pixel_addr_pikachu_reg/PCIN[10]
                            (rising edge-triggered cell DSP48E1 clocked by sys_clk_pin  {rise@0.000ns fall@5.000ns period=10.000ns})
  Path Group:             sys_clk_pin
  Path Type:              Setup (Max at Slow Process Corner)
  Requirement:            10.000ns  (sys_clk_pin rise@10.000ns - sys_clk_pin rise@0.000ns)
  Data Path Delay:        7.170ns  (logic 3.919ns (54.659%)  route 3.251ns (45.341%))
  Logic Levels:           6  (CARRY4=2 DSP48E1=1 LUT3=2 LUT6=1)
  Clock Path Skew:        0.050ns (DCD - SCD + CPR)
    Destination Clock Delay (DCD):    4.894ns = ( 14.894 - 10.000 ) 
    Source Clock Delay      (SCD):    5.104ns
    Clock Pessimism Removal (CPR):    0.259ns
  Clock Uncertainty:      0.035ns  ((TSJ^2 + TIJ^2)^1/2 + DJ) / 2 + PE
    Total System Jitter     (TSJ):    0.071ns
    Total Input Jitter      (TIJ):    0.000ns
    Discrete Jitter          (DJ):    0.000ns
    Phase Error              (PE):    0.000ns

    Location             Delay type                Incr(ns)  Path(ns)    Netlist Resource(s)
  -------------------------------------------------------------------    -------------------
                         (clock sys_clk_pin rise edge)
                                                      0.000     0.000 r  
    E3                                                0.000     0.000 r  clk (IN)
                         net (fo=0)                   0.000     0.000    clk
    E3                   IBUF (Prop_ibuf_I_O)         1.489     1.489 r  clk_IBUF_inst/O
                         net (fo=1, routed)           1.967     3.455    clk_IBUF
    BUFGCTRL_X0Y16       BUFG (Prop_bufg_I_O)         0.096     3.551 r  clk_IBUF_BUFG_inst/O
                         net (fo=232, routed)         1.553     5.104    clk_IBUF_BUFG
    SLICE_X52Y62         FDRE                                         r  pikachu_usr_hpos_reg[1]/C
  -------------------------------------------------------------------    -------------------
    SLICE_X52Y62         FDRE (Prop_fdre_C_Q)         0.518     5.622 r  pikachu_usr_hpos_reg[1]/Q
                         net (fo=19, routed)          1.041     6.663    vs0/p_1_out[1]
    SLICE_X52Y59         LUT6 (Prop_lut6_I3_O)        0.124     6.787 r  vs0/p_1_out_i_45/O
                         net (fo=3, routed)           0.591     7.378    vs0/p_1_out_i_45_n_0
    SLICE_X51Y59         LUT3 (Prop_lut3_I2_O)        0.124     7.502 r  vs0/p_1_out_i_41/O
                         net (fo=1, routed)           0.000     7.502    vs0/p_1_out_i_41_n_0
    SLICE_X51Y59         CARRY4 (Prop_carry4_S[3]_CO[3])
                                                      0.401     7.903 r  vs0/p_1_out_i_32/CO[3]
                         net (fo=1, routed)           0.000     7.903    vs0/p_1_out_i_32_n_0
    SLICE_X51Y60         CARRY4 (Prop_carry4_CI_CO[1])
                                                      0.157     8.060 f  vs0/p_1_out_i_24/CO[1]
                         net (fo=22, routed)          0.956     9.016    vs0/p_1_out_i_24_n_2
    SLICE_X54Y62         LUT3 (Prop_lut3_I0_O)        0.355     9.371 r  vs0/p_1_out_i_1/O
                         net (fo=9, routed)           0.661    10.032    pikachu_usr_region
    DSP48_X1Y24          DSP48E1 (Prop_dsp48e1_C[12]_PCOUT[10])
                                                      2.240    12.272 r  p_1_out/PCOUT[10]
                         net (fo=1, routed)           0.002    12.274    p_1_out_n_143
    DSP48_X1Y25          DSP48E1                                      r  pixel_addr_pikachu_reg/PCIN[10]
  -------------------------------------------------------------------    -------------------

                         (clock sys_clk_pin rise edge)
                                                     10.000    10.000 r  
    E3                                                0.000    10.000 r  clk (IN)
                         net (fo=0)                   0.000    10.000    clk
    E3                   IBUF (Prop_ibuf_I_O)         1.418    11.418 r  clk_IBUF_inst/O
                         net (fo=1, routed)           1.862    13.280    clk_IBUF
    BUFGCTRL_X0Y16       BUFG (Prop_bufg_I_O)         0.091    13.371 r  clk_IBUF_BUFG_inst/O
                         net (fo=232, routed)         1.523    14.894    clk_IBUF_BUFG
    DSP48_X1Y25          DSP48E1                                      r  pixel_addr_pikachu_reg/CLK
                         clock pessimism              0.259    15.154    
                         clock uncertainty           -0.035    15.119    
    DSP48_X1Y25          DSP48E1 (Setup_dsp48e1_CLK_PCIN[10])
                                                     -1.400    13.719    pixel_addr_pikachu_reg
  -------------------------------------------------------------------
                         required time                         13.719    
                         arrival time                         -12.274    
  -------------------------------------------------------------------
                         slack                                  1.444    

Slack (MET) :             1.444ns  (required time - arrival time)
  Source:                 pikachu_usr_hpos_reg[1]/C
                            (rising edge-triggered cell FDRE clocked by sys_clk_pin  {rise@0.000ns fall@5.000ns period=10.000ns})
  Destination:            pixel_addr_pikachu_reg/PCIN[11]
                            (rising edge-triggered cell DSP48E1 clocked by sys_clk_pin  {rise@0.000ns fall@5.000ns period=10.000ns})
  Path Group:             sys_clk_pin
  Path Type:              Setup (Max at Slow Process Corner)
  Requirement:            10.000ns  (sys_clk_pin rise@10.000ns - sys_clk_pin rise@0.000ns)
  Data Path Delay:        7.170ns  (logic 3.919ns (54.659%)  route 3.251ns (45.341%))
  Logic Levels:           6  (CARRY4=2 DSP48E1=1 LUT3=2 LUT6=1)
  Clock Path Skew:        0.050ns (DCD - SCD + CPR)
    Destination Clock Delay (DCD):    4.894ns = ( 14.894 - 10.000 ) 
    Source Clock Delay      (SCD):    5.104ns
    Clock Pessimism Removal (CPR):    0.259ns
  Clock Uncertainty:      0.035ns  ((TSJ^2 + TIJ^2)^1/2 + DJ) / 2 + PE
    Total System Jitter     (TSJ):    0.071ns
    Total Input Jitter      (TIJ):    0.000ns
    Discrete Jitter          (DJ):    0.000ns
    Phase Error              (PE):    0.000ns

    Location             Delay type                Incr(ns)  Path(ns)    Netlist Resource(s)
  -------------------------------------------------------------------    -------------------
                         (clock sys_clk_pin rise edge)
                                                      0.000     0.000 r  
    E3                                                0.000     0.000 r  clk (IN)
                         net (fo=0)                   0.000     0.000    clk
    E3                   IBUF (Prop_ibuf_I_O)         1.489     1.489 r  clk_IBUF_inst/O
                         net (fo=1, routed)           1.967     3.455    clk_IBUF
    BUFGCTRL_X0Y16       BUFG (Prop_bufg_I_O)         0.096     3.551 r  clk_IBUF_BUFG_inst/O
                         net (fo=232, routed)         1.553     5.104    clk_IBUF_BUFG
    SLICE_X52Y62         FDRE                                         r  pikachu_usr_hpos_reg[1]/C
  -------------------------------------------------------------------    -------------------
    SLICE_X52Y62         FDRE (Prop_fdre_C_Q)         0.518     5.622 r  pikachu_usr_hpos_reg[1]/Q
                         net (fo=19, routed)          1.041     6.663    vs0/p_1_out[1]
    SLICE_X52Y59         LUT6 (Prop_lut6_I3_O)        0.124     6.787 r  vs0/p_1_out_i_45/O
                         net (fo=3, routed)           0.591     7.378    vs0/p_1_out_i_45_n_0
    SLICE_X51Y59         LUT3 (Prop_lut3_I2_O)        0.124     7.502 r  vs0/p_1_out_i_41/O
                         net (fo=1, routed)           0.000     7.502    vs0/p_1_out_i_41_n_0
    SLICE_X51Y59         CARRY4 (Prop_carry4_S[3]_CO[3])
                                                      0.401     7.903 r  vs0/p_1_out_i_32/CO[3]
                         net (fo=1, routed)           0.000     7.903    vs0/p_1_out_i_32_n_0
    SLICE_X51Y60         CARRY4 (Prop_carry4_CI_CO[1])
                                                      0.157     8.060 f  vs0/p_1_out_i_24/CO[1]
                         net (fo=22, routed)          0.956     9.016    vs0/p_1_out_i_24_n_2
    SLICE_X54Y62         LUT3 (Prop_lut3_I0_O)        0.355     9.371 r  vs0/p_1_out_i_1/O
                         net (fo=9, routed)           0.661    10.032    pikachu_usr_region
    DSP48_X1Y24          DSP48E1 (Prop_dsp48e1_C[12]_PCOUT[11])
                                                      2.240    12.272 r  p_1_out/PCOUT[11]
                         net (fo=1, routed)           0.002    12.274    p_1_out_n_142
    DSP48_X1Y25          DSP48E1                                      r  pixel_addr_pikachu_reg/PCIN[11]
  -------------------------------------------------------------------    -------------------

                         (clock sys_clk_pin rise edge)
                                                     10.000    10.000 r  
    E3                                                0.000    10.000 r  clk (IN)
                         net (fo=0)                   0.000    10.000    clk
    E3                   IBUF (Prop_ibuf_I_O)         1.418    11.418 r  clk_IBUF_inst/O
                         net (fo=1, routed)           1.862    13.280    clk_IBUF
    BUFGCTRL_X0Y16       BUFG (Prop_bufg_I_O)         0.091    13.371 r  clk_IBUF_BUFG_inst/O
                         net (fo=232, routed)         1.523    14.894    clk_IBUF_BUFG
    DSP48_X1Y25          DSP48E1                                      r  pixel_addr_pikachu_reg/CLK
                         clock pessimism              0.259    15.154    
                         clock uncertainty           -0.035    15.119    
    DSP48_X1Y25          DSP48E1 (Setup_dsp48e1_CLK_PCIN[11])
                                                     -1.400    13.719    pixel_addr_pikachu_reg
  -------------------------------------------------------------------
                         required time                         13.719    
                         arrival time                         -12.274    
  -------------------------------------------------------------------
                         slack                                  1.444    

Slack (MET) :             1.444ns  (required time - arrival time)
  Source:                 pikachu_usr_hpos_reg[1]/C
                            (rising edge-triggered cell FDRE clocked by sys_clk_pin  {rise@0.000ns fall@5.000ns period=10.000ns})
  Destination:            pixel_addr_pikachu_reg/PCIN[12]
                            (rising edge-triggered cell DSP48E1 clocked by sys_clk_pin  {rise@0.000ns fall@5.000ns period=10.000ns})
  Path Group:             sys_clk_pin
  Path Type:              Setup (Max at Slow Process Corner)
  Requirement:            10.000ns  (sys_clk_pin rise@10.000ns - sys_clk_pin rise@0.000ns)
  Data Path Delay:        7.170ns  (logic 3.919ns (54.659%)  route 3.251ns (45.341%))
  Logic Levels:           6  (CARRY4=2 DSP48E1=1 LUT3=2 LUT6=1)
  Clock Path Skew:        0.050ns (DCD - SCD + CPR)
    Destination Clock Delay (DCD):    4.894ns = ( 14.894 - 10.000 ) 
    Source Clock Delay      (SCD):    5.104ns
    Clock Pessimism Removal (CPR):    0.259ns
  Clock Uncertainty:      0.035ns  ((TSJ^2 + TIJ^2)^1/2 + DJ) / 2 + PE
    Total System Jitter     (TSJ):    0.071ns
    Total Input Jitter      (TIJ):    0.000ns
    Discrete Jitter          (DJ):    0.000ns
    Phase Error              (PE):    0.000ns

    Location             Delay type                Incr(ns)  Path(ns)    Netlist Resource(s)
  -------------------------------------------------------------------    -------------------
                         (clock sys_clk_pin rise edge)
                                                      0.000     0.000 r  
    E3                                                0.000     0.000 r  clk (IN)
                         net (fo=0)                   0.000     0.000    clk
    E3                   IBUF (Prop_ibuf_I_O)         1.489     1.489 r  clk_IBUF_inst/O
                         net (fo=1, routed)           1.967     3.455    clk_IBUF
    BUFGCTRL_X0Y16       BUFG (Prop_bufg_I_O)         0.096     3.551 r  clk_IBUF_BUFG_inst/O
                         net (fo=232, routed)         1.553     5.104    clk_IBUF_BUFG
    SLICE_X52Y62         FDRE                                         r  pikachu_usr_hpos_reg[1]/C
  -------------------------------------------------------------------    -------------------
    SLICE_X52Y62         FDRE (Prop_fdre_C_Q)         0.518     5.622 r  pikachu_usr_hpos_reg[1]/Q
                         net (fo=19, routed)          1.041     6.663    vs0/p_1_out[1]
    SLICE_X52Y59         LUT6 (Prop_lut6_I3_O)        0.124     6.787 r  vs0/p_1_out_i_45/O
                         net (fo=3, routed)           0.591     7.378    vs0/p_1_out_i_45_n_0
    SLICE_X51Y59         LUT3 (Prop_lut3_I2_O)        0.124     7.502 r  vs0/p_1_out_i_41/O
                         net (fo=1, routed)           0.000     7.502    vs0/p_1_out_i_41_n_0
    SLICE_X51Y59         CARRY4 (Prop_carry4_S[3]_CO[3])
                                                      0.401     7.903 r  vs0/p_1_out_i_32/CO[3]
                         net (fo=1, routed)           0.000     7.903    vs0/p_1_out_i_32_n_0
    SLICE_X51Y60         CARRY4 (Prop_carry4_CI_CO[1])
                                                      0.157     8.060 f  vs0/p_1_out_i_24/CO[1]
                         net (fo=22, routed)          0.956     9.016    vs0/p_1_out_i_24_n_2
    SLICE_X54Y62         LUT3 (Prop_lut3_I0_O)        0.355     9.371 r  vs0/p_1_out_i_1/O
                         net (fo=9, routed)           0.661    10.032    pikachu_usr_region
    DSP48_X1Y24          DSP48E1 (Prop_dsp48e1_C[12]_PCOUT[12])
                                                      2.240    12.272 r  p_1_out/PCOUT[12]
                         net (fo=1, routed)           0.002    12.274    p_1_out_n_141
    DSP48_X1Y25          DSP48E1                                      r  pixel_addr_pikachu_reg/PCIN[12]
  -------------------------------------------------------------------    -------------------

                         (clock sys_clk_pin rise edge)
                                                     10.000    10.000 r  
    E3                                                0.000    10.000 r  clk (IN)
                         net (fo=0)                   0.000    10.000    clk
    E3                   IBUF (Prop_ibuf_I_O)         1.418    11.418 r  clk_IBUF_inst/O
                         net (fo=1, routed)           1.862    13.280    clk_IBUF
    BUFGCTRL_X0Y16       BUFG (Prop_bufg_I_O)         0.091    13.371 r  clk_IBUF_BUFG_inst/O
                         net (fo=232, routed)         1.523    14.894    clk_IBUF_BUFG
    DSP48_X1Y25          DSP48E1                                      r  pixel_addr_pikachu_reg/CLK
                         clock pessimism              0.259    15.154    
                         clock uncertainty           -0.035    15.119    
    DSP48_X1Y25          DSP48E1 (Setup_dsp48e1_CLK_PCIN[12])
                                                     -1.400    13.719    pixel_addr_pikachu_reg
  -------------------------------------------------------------------
                         required time                         13.719    
                         arrival time                         -12.274    
  -------------------------------------------------------------------
                         slack                                  1.444    

Slack (MET) :             1.444ns  (required time - arrival time)
  Source:                 pikachu_usr_hpos_reg[1]/C
                            (rising edge-triggered cell FDRE clocked by sys_clk_pin  {rise@0.000ns fall@5.000ns period=10.000ns})
  Destination:            pixel_addr_pikachu_reg/PCIN[13]
                            (rising edge-triggered cell DSP48E1 clocked by sys_clk_pin  {rise@0.000ns fall@5.000ns period=10.000ns})
  Path Group:             sys_clk_pin
  Path Type:              Setup (Max at Slow Process Corner)
  Requirement:            10.000ns  (sys_clk_pin rise@10.000ns - sys_clk_pin rise@0.000ns)
  Data Path Delay:        7.170ns  (logic 3.919ns (54.659%)  route 3.251ns (45.341%))
  Logic Levels:           6  (CARRY4=2 DSP48E1=1 LUT3=2 LUT6=1)
  Clock Path Skew:        0.050ns (DCD - SCD + CPR)
    Destination Clock Delay (DCD):    4.894ns = ( 14.894 - 10.000 ) 
    Source Clock Delay      (SCD):    5.104ns
    Clock Pessimism Removal (CPR):    0.259ns
  Clock Uncertainty:      0.035ns  ((TSJ^2 + TIJ^2)^1/2 + DJ) / 2 + PE
    Total System Jitter     (TSJ):    0.071ns
    Total Input Jitter      (TIJ):    0.000ns
    Discrete Jitter          (DJ):    0.000ns
    Phase Error              (PE):    0.000ns

    Location             Delay type                Incr(ns)  Path(ns)    Netlist Resource(s)
  -------------------------------------------------------------------    -------------------
                         (clock sys_clk_pin rise edge)
                                                      0.000     0.000 r  
    E3                                                0.000     0.000 r  clk (IN)
                         net (fo=0)                   0.000     0.000    clk
    E3                   IBUF (Prop_ibuf_I_O)         1.489     1.489 r  clk_IBUF_inst/O
                         net (fo=1, routed)           1.967     3.455    clk_IBUF
    BUFGCTRL_X0Y16       BUFG (Prop_bufg_I_O)         0.096     3.551 r  clk_IBUF_BUFG_inst/O
                         net (fo=232, routed)         1.553     5.104    clk_IBUF_BUFG
    SLICE_X52Y62         FDRE                                         r  pikachu_usr_hpos_reg[1]/C
  -------------------------------------------------------------------    -------------------
    SLICE_X52Y62         FDRE (Prop_fdre_C_Q)         0.518     5.622 r  pikachu_usr_hpos_reg[1]/Q
                         net (fo=19, routed)          1.041     6.663    vs0/p_1_out[1]
    SLICE_X52Y59         LUT6 (Prop_lut6_I3_O)        0.124     6.787 r  vs0/p_1_out_i_45/O
                         net (fo=3, routed)           0.591     7.378    vs0/p_1_out_i_45_n_0
    SLICE_X51Y59         LUT3 (Prop_lut3_I2_O)        0.124     7.502 r  vs0/p_1_out_i_41/O
                         net (fo=1, routed)           0.000     7.502    vs0/p_1_out_i_41_n_0
    SLICE_X51Y59         CARRY4 (Prop_carry4_S[3]_CO[3])
                                                      0.401     7.903 r  vs0/p_1_out_i_32/CO[3]
                         net (fo=1, routed)           0.000     7.903    vs0/p_1_out_i_32_n_0
    SLICE_X51Y60         CARRY4 (Prop_carry4_CI_CO[1])
                                                      0.157     8.060 f  vs0/p_1_out_i_24/CO[1]
                         net (fo=22, routed)          0.956     9.016    vs0/p_1_out_i_24_n_2
    SLICE_X54Y62         LUT3 (Prop_lut3_I0_O)        0.355     9.371 r  vs0/p_1_out_i_1/O
                         net (fo=9, routed)           0.661    10.032    pikachu_usr_region
    DSP48_X1Y24          DSP48E1 (Prop_dsp48e1_C[12]_PCOUT[13])
                                                      2.240    12.272 r  p_1_out/PCOUT[13]
                         net (fo=1, routed)           0.002    12.274    p_1_out_n_140
    DSP48_X1Y25          DSP48E1                                      r  pixel_addr_pikachu_reg/PCIN[13]
  -------------------------------------------------------------------    -------------------

                         (clock sys_clk_pin rise edge)
                                                     10.000    10.000 r  
    E3                                                0.000    10.000 r  clk (IN)
                         net (fo=0)                   0.000    10.000    clk
    E3                   IBUF (Prop_ibuf_I_O)         1.418    11.418 r  clk_IBUF_inst/O
                         net (fo=1, routed)           1.862    13.280    clk_IBUF
    BUFGCTRL_X0Y16       BUFG (Prop_bufg_I_O)         0.091    13.371 r  clk_IBUF_BUFG_inst/O
                         net (fo=232, routed)         1.523    14.894    clk_IBUF_BUFG
    DSP48_X1Y25          DSP48E1                                      r  pixel_addr_pikachu_reg/CLK
                         clock pessimism              0.259    15.154    
                         clock uncertainty           -0.035    15.119    
    DSP48_X1Y25          DSP48E1 (Setup_dsp48e1_CLK_PCIN[13])
                                                     -1.400    13.719    pixel_addr_pikachu_reg
  -------------------------------------------------------------------
                         required time                         13.719    
                         arrival time                         -12.274    
  -------------------------------------------------------------------
                         slack                                  1.444    

Slack (MET) :             1.444ns  (required time - arrival time)
  Source:                 pikachu_usr_hpos_reg[1]/C
                            (rising edge-triggered cell FDRE clocked by sys_clk_pin  {rise@0.000ns fall@5.000ns period=10.000ns})
  Destination:            pixel_addr_pikachu_reg/PCIN[14]
                            (rising edge-triggered cell DSP48E1 clocked by sys_clk_pin  {rise@0.000ns fall@5.000ns period=10.000ns})
  Path Group:             sys_clk_pin
  Path Type:              Setup (Max at Slow Process Corner)
  Requirement:            10.000ns  (sys_clk_pin rise@10.000ns - sys_clk_pin rise@0.000ns)
  Data Path Delay:        7.170ns  (logic 3.919ns (54.659%)  route 3.251ns (45.341%))
  Logic Levels:           6  (CARRY4=2 DSP48E1=1 LUT3=2 LUT6=1)
  Clock Path Skew:        0.050ns (DCD - SCD + CPR)
    Destination Clock Delay (DCD):    4.894ns = ( 14.894 - 10.000 ) 
    Source Clock Delay      (SCD):    5.104ns
    Clock Pessimism Removal (CPR):    0.259ns
  Clock Uncertainty:      0.035ns  ((TSJ^2 + TIJ^2)^1/2 + DJ) / 2 + PE
    Total System Jitter     (TSJ):    0.071ns
    Total Input Jitter      (TIJ):    0.000ns
    Discrete Jitter          (DJ):    0.000ns
    Phase Error              (PE):    0.000ns

    Location             Delay type                Incr(ns)  Path(ns)    Netlist Resource(s)
  -------------------------------------------------------------------    -------------------
                         (clock sys_clk_pin rise edge)
                                                      0.000     0.000 r  
    E3                                                0.000     0.000 r  clk (IN)
                         net (fo=0)                   0.000     0.000    clk
    E3                   IBUF (Prop_ibuf_I_O)         1.489     1.489 r  clk_IBUF_inst/O
                         net (fo=1, routed)           1.967     3.455    clk_IBUF
    BUFGCTRL_X0Y16       BUFG (Prop_bufg_I_O)         0.096     3.551 r  clk_IBUF_BUFG_inst/O
                         net (fo=232, routed)         1.553     5.104    clk_IBUF_BUFG
    SLICE_X52Y62         FDRE                                         r  pikachu_usr_hpos_reg[1]/C
  -------------------------------------------------------------------    -------------------
    SLICE_X52Y62         FDRE (Prop_fdre_C_Q)         0.518     5.622 r  pikachu_usr_hpos_reg[1]/Q
                         net (fo=19, routed)          1.041     6.663    vs0/p_1_out[1]
    SLICE_X52Y59         LUT6 (Prop_lut6_I3_O)        0.124     6.787 r  vs0/p_1_out_i_45/O
                         net (fo=3, routed)           0.591     7.378    vs0/p_1_out_i_45_n_0
    SLICE_X51Y59         LUT3 (Prop_lut3_I2_O)        0.124     7.502 r  vs0/p_1_out_i_41/O
                         net (fo=1, routed)           0.000     7.502    vs0/p_1_out_i_41_n_0
    SLICE_X51Y59         CARRY4 (Prop_carry4_S[3]_CO[3])
                                                      0.401     7.903 r  vs0/p_1_out_i_32/CO[3]
                         net (fo=1, routed)           0.000     7.903    vs0/p_1_out_i_32_n_0
    SLICE_X51Y60         CARRY4 (Prop_carry4_CI_CO[1])
                                                      0.157     8.060 f  vs0/p_1_out_i_24/CO[1]
                         net (fo=22, routed)          0.956     9.016    vs0/p_1_out_i_24_n_2
    SLICE_X54Y62         LUT3 (Prop_lut3_I0_O)        0.355     9.371 r  vs0/p_1_out_i_1/O
                         net (fo=9, routed)           0.661    10.032    pikachu_usr_region
    DSP48_X1Y24          DSP48E1 (Prop_dsp48e1_C[12]_PCOUT[14])
                                                      2.240    12.272 r  p_1_out/PCOUT[14]
                         net (fo=1, routed)           0.002    12.274    p_1_out_n_139
    DSP48_X1Y25          DSP48E1                                      r  pixel_addr_pikachu_reg/PCIN[14]
  -------------------------------------------------------------------    -------------------

                         (clock sys_clk_pin rise edge)
                                                     10.000    10.000 r  
    E3                                                0.000    10.000 r  clk (IN)
                         net (fo=0)                   0.000    10.000    clk
    E3                   IBUF (Prop_ibuf_I_O)         1.418    11.418 r  clk_IBUF_inst/O
                         net (fo=1, routed)           1.862    13.280    clk_IBUF
    BUFGCTRL_X0Y16       BUFG (Prop_bufg_I_O)         0.091    13.371 r  clk_IBUF_BUFG_inst/O
                         net (fo=232, routed)         1.523    14.894    clk_IBUF_BUFG
    DSP48_X1Y25          DSP48E1                                      r  pixel_addr_pikachu_reg/CLK
                         clock pessimism              0.259    15.154    
                         clock uncertainty           -0.035    15.119    
    DSP48_X1Y25          DSP48E1 (Setup_dsp48e1_CLK_PCIN[14])
                                                     -1.400    13.719    pixel_addr_pikachu_reg
  -------------------------------------------------------------------
                         required time                         13.719    
                         arrival time                         -12.274    
  -------------------------------------------------------------------
                         slack                                  1.444    

Slack (MET) :             1.444ns  (required time - arrival time)
  Source:                 pikachu_usr_hpos_reg[1]/C
                            (rising edge-triggered cell FDRE clocked by sys_clk_pin  {rise@0.000ns fall@5.000ns period=10.000ns})
  Destination:            pixel_addr_pikachu_reg/PCIN[15]
                            (rising edge-triggered cell DSP48E1 clocked by sys_clk_pin  {rise@0.000ns fall@5.000ns period=10.000ns})
  Path Group:             sys_clk_pin
  Path Type:              Setup (Max at Slow Process Corner)
  Requirement:            10.000ns  (sys_clk_pin rise@10.000ns - sys_clk_pin rise@0.000ns)
  Data Path Delay:        7.170ns  (logic 3.919ns (54.659%)  route 3.251ns (45.341%))
  Logic Levels:           6  (CARRY4=2 DSP48E1=1 LUT3=2 LUT6=1)
  Clock Path Skew:        0.050ns (DCD - SCD + CPR)
    Destination Clock Delay (DCD):    4.894ns = ( 14.894 - 10.000 ) 
    Source Clock Delay      (SCD):    5.104ns
    Clock Pessimism Removal (CPR):    0.259ns
  Clock Uncertainty:      0.035ns  ((TSJ^2 + TIJ^2)^1/2 + DJ) / 2 + PE
    Total System Jitter     (TSJ):    0.071ns
    Total Input Jitter      (TIJ):    0.000ns
    Discrete Jitter          (DJ):    0.000ns
    Phase Error              (PE):    0.000ns

    Location             Delay type                Incr(ns)  Path(ns)    Netlist Resource(s)
  -------------------------------------------------------------------    -------------------
                         (clock sys_clk_pin rise edge)
                                                      0.000     0.000 r  
    E3                                                0.000     0.000 r  clk (IN)
                         net (fo=0)                   0.000     0.000    clk
    E3                   IBUF (Prop_ibuf_I_O)         1.489     1.489 r  clk_IBUF_inst/O
                         net (fo=1, routed)           1.967     3.455    clk_IBUF
    BUFGCTRL_X0Y16       BUFG (Prop_bufg_I_O)         0.096     3.551 r  clk_IBUF_BUFG_inst/O
                         net (fo=232, routed)         1.553     5.104    clk_IBUF_BUFG
    SLICE_X52Y62         FDRE                                         r  pikachu_usr_hpos_reg[1]/C
  -------------------------------------------------------------------    -------------------
    SLICE_X52Y62         FDRE (Prop_fdre_C_Q)         0.518     5.622 r  pikachu_usr_hpos_reg[1]/Q
                         net (fo=19, routed)          1.041     6.663    vs0/p_1_out[1]
    SLICE_X52Y59         LUT6 (Prop_lut6_I3_O)        0.124     6.787 r  vs0/p_1_out_i_45/O
                         net (fo=3, routed)           0.591     7.378    vs0/p_1_out_i_45_n_0
    SLICE_X51Y59         LUT3 (Prop_lut3_I2_O)        0.124     7.502 r  vs0/p_1_out_i_41/O
                         net (fo=1, routed)           0.000     7.502    vs0/p_1_out_i_41_n_0
    SLICE_X51Y59         CARRY4 (Prop_carry4_S[3]_CO[3])
                                                      0.401     7.903 r  vs0/p_1_out_i_32/CO[3]
                         net (fo=1, routed)           0.000     7.903    vs0/p_1_out_i_32_n_0
    SLICE_X51Y60         CARRY4 (Prop_carry4_CI_CO[1])
                                                      0.157     8.060 f  vs0/p_1_out_i_24/CO[1]
                         net (fo=22, routed)          0.956     9.016    vs0/p_1_out_i_24_n_2
    SLICE_X54Y62         LUT3 (Prop_lut3_I0_O)        0.355     9.371 r  vs0/p_1_out_i_1/O
                         net (fo=9, routed)           0.661    10.032    pikachu_usr_region
    DSP48_X1Y24          DSP48E1 (Prop_dsp48e1_C[12]_PCOUT[15])
                                                      2.240    12.272 r  p_1_out/PCOUT[15]
                         net (fo=1, routed)           0.002    12.274    p_1_out_n_138
    DSP48_X1Y25          DSP48E1                                      r  pixel_addr_pikachu_reg/PCIN[15]
  -------------------------------------------------------------------    -------------------

                         (clock sys_clk_pin rise edge)
                                                     10.000    10.000 r  
    E3                                                0.000    10.000 r  clk (IN)
                         net (fo=0)                   0.000    10.000    clk
    E3                   IBUF (Prop_ibuf_I_O)         1.418    11.418 r  clk_IBUF_inst/O
                         net (fo=1, routed)           1.862    13.280    clk_IBUF
    BUFGCTRL_X0Y16       BUFG (Prop_bufg_I_O)         0.091    13.371 r  clk_IBUF_BUFG_inst/O
                         net (fo=232, routed)         1.523    14.894    clk_IBUF_BUFG
    DSP48_X1Y25          DSP48E1                                      r  pixel_addr_pikachu_reg/CLK
                         clock pessimism              0.259    15.154    
                         clock uncertainty           -0.035    15.119    
    DSP48_X1Y25          DSP48E1 (Setup_dsp48e1_CLK_PCIN[15])
                                                     -1.400    13.719    pixel_addr_pikachu_reg
  -------------------------------------------------------------------
                         required time                         13.719    
                         arrival time                         -12.274    
  -------------------------------------------------------------------
                         slack                                  1.444    

Slack (MET) :             1.444ns  (required time - arrival time)
  Source:                 pikachu_usr_hpos_reg[1]/C
                            (rising edge-triggered cell FDRE clocked by sys_clk_pin  {rise@0.000ns fall@5.000ns period=10.000ns})
  Destination:            pixel_addr_pikachu_reg/PCIN[16]
                            (rising edge-triggered cell DSP48E1 clocked by sys_clk_pin  {rise@0.000ns fall@5.000ns period=10.000ns})
  Path Group:             sys_clk_pin
  Path Type:              Setup (Max at Slow Process Corner)
  Requirement:            10.000ns  (sys_clk_pin rise@10.000ns - sys_clk_pin rise@0.000ns)
  Data Path Delay:        7.170ns  (logic 3.919ns (54.659%)  route 3.251ns (45.341%))
  Logic Levels:           6  (CARRY4=2 DSP48E1=1 LUT3=2 LUT6=1)
  Clock Path Skew:        0.050ns (DCD - SCD + CPR)
    Destination Clock Delay (DCD):    4.894ns = ( 14.894 - 10.000 ) 
    Source Clock Delay      (SCD):    5.104ns
    Clock Pessimism Removal (CPR):    0.259ns
  Clock Uncertainty:      0.035ns  ((TSJ^2 + TIJ^2)^1/2 + DJ) / 2 + PE
    Total System Jitter     (TSJ):    0.071ns
    Total Input Jitter      (TIJ):    0.000ns
    Discrete Jitter          (DJ):    0.000ns
    Phase Error              (PE):    0.000ns

    Location             Delay type                Incr(ns)  Path(ns)    Netlist Resource(s)
  -------------------------------------------------------------------    -------------------
                         (clock sys_clk_pin rise edge)
                                                      0.000     0.000 r  
    E3                                                0.000     0.000 r  clk (IN)
                         net (fo=0)                   0.000     0.000    clk
    E3                   IBUF (Prop_ibuf_I_O)         1.489     1.489 r  clk_IBUF_inst/O
                         net (fo=1, routed)           1.967     3.455    clk_IBUF
    BUFGCTRL_X0Y16       BUFG (Prop_bufg_I_O)         0.096     3.551 r  clk_IBUF_BUFG_inst/O
                         net (fo=232, routed)         1.553     5.104    clk_IBUF_BUFG
    SLICE_X52Y62         FDRE                                         r  pikachu_usr_hpos_reg[1]/C
  -------------------------------------------------------------------    -------------------
    SLICE_X52Y62         FDRE (Prop_fdre_C_Q)         0.518     5.622 r  pikachu_usr_hpos_reg[1]/Q
                         net (fo=19, routed)          1.041     6.663    vs0/p_1_out[1]
    SLICE_X52Y59         LUT6 (Prop_lut6_I3_O)        0.124     6.787 r  vs0/p_1_out_i_45/O
                         net (fo=3, routed)           0.591     7.378    vs0/p_1_out_i_45_n_0
    SLICE_X51Y59         LUT3 (Prop_lut3_I2_O)        0.124     7.502 r  vs0/p_1_out_i_41/O
                         net (fo=1, routed)           0.000     7.502    vs0/p_1_out_i_41_n_0
    SLICE_X51Y59         CARRY4 (Prop_carry4_S[3]_CO[3])
                                                      0.401     7.903 r  vs0/p_1_out_i_32/CO[3]
                         net (fo=1, routed)           0.000     7.903    vs0/p_1_out_i_32_n_0
    SLICE_X51Y60         CARRY4 (Prop_carry4_CI_CO[1])
                                                      0.157     8.060 f  vs0/p_1_out_i_24/CO[1]
                         net (fo=22, routed)          0.956     9.016    vs0/p_1_out_i_24_n_2
    SLICE_X54Y62         LUT3 (Prop_lut3_I0_O)        0.355     9.371 r  vs0/p_1_out_i_1/O
                         net (fo=9, routed)           0.661    10.032    pikachu_usr_region
    DSP48_X1Y24          DSP48E1 (Prop_dsp48e1_C[12]_PCOUT[16])
                                                      2.240    12.272 r  p_1_out/PCOUT[16]
                         net (fo=1, routed)           0.002    12.274    p_1_out_n_137
    DSP48_X1Y25          DSP48E1                                      r  pixel_addr_pikachu_reg/PCIN[16]
  -------------------------------------------------------------------    -------------------

                         (clock sys_clk_pin rise edge)
                                                     10.000    10.000 r  
    E3                                                0.000    10.000 r  clk (IN)
                         net (fo=0)                   0.000    10.000    clk
    E3                   IBUF (Prop_ibuf_I_O)         1.418    11.418 r  clk_IBUF_inst/O
                         net (fo=1, routed)           1.862    13.280    clk_IBUF
    BUFGCTRL_X0Y16       BUFG (Prop_bufg_I_O)         0.091    13.371 r  clk_IBUF_BUFG_inst/O
                         net (fo=232, routed)         1.523    14.894    clk_IBUF_BUFG
    DSP48_X1Y25          DSP48E1                                      r  pixel_addr_pikachu_reg/CLK
                         clock pessimism              0.259    15.154    
                         clock uncertainty           -0.035    15.119    
    DSP48_X1Y25          DSP48E1 (Setup_dsp48e1_CLK_PCIN[16])
                                                     -1.400    13.719    pixel_addr_pikachu_reg
  -------------------------------------------------------------------
                         required time                         13.719    
                         arrival time                         -12.274    
  -------------------------------------------------------------------
                         slack                                  1.444    

Slack (MET) :             1.444ns  (required time - arrival time)
  Source:                 pikachu_usr_hpos_reg[1]/C
                            (rising edge-triggered cell FDRE clocked by sys_clk_pin  {rise@0.000ns fall@5.000ns period=10.000ns})
  Destination:            pixel_addr_pikachu_reg/PCIN[17]
                            (rising edge-triggered cell DSP48E1 clocked by sys_clk_pin  {rise@0.000ns fall@5.000ns period=10.000ns})
  Path Group:             sys_clk_pin
  Path Type:              Setup (Max at Slow Process Corner)
  Requirement:            10.000ns  (sys_clk_pin rise@10.000ns - sys_clk_pin rise@0.000ns)
  Data Path Delay:        7.170ns  (logic 3.919ns (54.659%)  route 3.251ns (45.341%))
  Logic Levels:           6  (CARRY4=2 DSP48E1=1 LUT3=2 LUT6=1)
  Clock Path Skew:        0.050ns (DCD - SCD + CPR)
    Destination Clock Delay (DCD):    4.894ns = ( 14.894 - 10.000 ) 
    Source Clock Delay      (SCD):    5.104ns
    Clock Pessimism Removal (CPR):    0.259ns
  Clock Uncertainty:      0.035ns  ((TSJ^2 + TIJ^2)^1/2 + DJ) / 2 + PE
    Total System Jitter     (TSJ):    0.071ns
    Total Input Jitter      (TIJ):    0.000ns
    Discrete Jitter          (DJ):    0.000ns
    Phase Error              (PE):    0.000ns

    Location             Delay type                Incr(ns)  Path(ns)    Netlist Resource(s)
  -------------------------------------------------------------------    -------------------
                         (clock sys_clk_pin rise edge)
                                                      0.000     0.000 r  
    E3                                                0.000     0.000 r  clk (IN)
                         net (fo=0)                   0.000     0.000    clk
    E3                   IBUF (Prop_ibuf_I_O)         1.489     1.489 r  clk_IBUF_inst/O
                         net (fo=1, routed)           1.967     3.455    clk_IBUF
    BUFGCTRL_X0Y16       BUFG (Prop_bufg_I_O)         0.096     3.551 r  clk_IBUF_BUFG_inst/O
                         net (fo=232, routed)         1.553     5.104    clk_IBUF_BUFG
    SLICE_X52Y62         FDRE                                         r  pikachu_usr_hpos_reg[1]/C
  -------------------------------------------------------------------    -------------------
    SLICE_X52Y62         FDRE (Prop_fdre_C_Q)         0.518     5.622 r  pikachu_usr_hpos_reg[1]/Q
                         net (fo=19, routed)          1.041     6.663    vs0/p_1_out[1]
    SLICE_X52Y59         LUT6 (Prop_lut6_I3_O)        0.124     6.787 r  vs0/p_1_out_i_45/O
                         net (fo=3, routed)           0.591     7.378    vs0/p_1_out_i_45_n_0
    SLICE_X51Y59         LUT3 (Prop_lut3_I2_O)        0.124     7.502 r  vs0/p_1_out_i_41/O
                         net (fo=1, routed)           0.000     7.502    vs0/p_1_out_i_41_n_0
    SLICE_X51Y59         CARRY4 (Prop_carry4_S[3]_CO[3])
                                                      0.401     7.903 r  vs0/p_1_out_i_32/CO[3]
                         net (fo=1, routed)           0.000     7.903    vs0/p_1_out_i_32_n_0
    SLICE_X51Y60         CARRY4 (Prop_carry4_CI_CO[1])
                                                      0.157     8.060 f  vs0/p_1_out_i_24/CO[1]
                         net (fo=22, routed)          0.956     9.016    vs0/p_1_out_i_24_n_2
    SLICE_X54Y62         LUT3 (Prop_lut3_I0_O)        0.355     9.371 r  vs0/p_1_out_i_1/O
                         net (fo=9, routed)           0.661    10.032    pikachu_usr_region
    DSP48_X1Y24          DSP48E1 (Prop_dsp48e1_C[12]_PCOUT[17])
                                                      2.240    12.272 r  p_1_out/PCOUT[17]
                         net (fo=1, routed)           0.002    12.274    p_1_out_n_136
    DSP48_X1Y25          DSP48E1                                      r  pixel_addr_pikachu_reg/PCIN[17]
  -------------------------------------------------------------------    -------------------

                         (clock sys_clk_pin rise edge)
                                                     10.000    10.000 r  
    E3                                                0.000    10.000 r  clk (IN)
                         net (fo=0)                   0.000    10.000    clk
    E3                   IBUF (Prop_ibuf_I_O)         1.418    11.418 r  clk_IBUF_inst/O
                         net (fo=1, routed)           1.862    13.280    clk_IBUF
    BUFGCTRL_X0Y16       BUFG (Prop_bufg_I_O)         0.091    13.371 r  clk_IBUF_BUFG_inst/O
                         net (fo=232, routed)         1.523    14.894    clk_IBUF_BUFG
    DSP48_X1Y25          DSP48E1                                      r  pixel_addr_pikachu_reg/CLK
                         clock pessimism              0.259    15.154    
                         clock uncertainty           -0.035    15.119    
    DSP48_X1Y25          DSP48E1 (Setup_dsp48e1_CLK_PCIN[17])
                                                     -1.400    13.719    pixel_addr_pikachu_reg
  -------------------------------------------------------------------
                         required time                         13.719    
                         arrival time                         -12.274    
  -------------------------------------------------------------------
                         slack                                  1.444    

Slack (MET) :             1.444ns  (required time - arrival time)
  Source:                 pikachu_usr_hpos_reg[1]/C
                            (rising edge-triggered cell FDRE clocked by sys_clk_pin  {rise@0.000ns fall@5.000ns period=10.000ns})
  Destination:            pixel_addr_pikachu_reg/PCIN[18]
                            (rising edge-triggered cell DSP48E1 clocked by sys_clk_pin  {rise@0.000ns fall@5.000ns period=10.000ns})
  Path Group:             sys_clk_pin
  Path Type:              Setup (Max at Slow Process Corner)
  Requirement:            10.000ns  (sys_clk_pin rise@10.000ns - sys_clk_pin rise@0.000ns)
  Data Path Delay:        7.170ns  (logic 3.919ns (54.659%)  route 3.251ns (45.341%))
  Logic Levels:           6  (CARRY4=2 DSP48E1=1 LUT3=2 LUT6=1)
  Clock Path Skew:        0.050ns (DCD - SCD + CPR)
    Destination Clock Delay (DCD):    4.894ns = ( 14.894 - 10.000 ) 
    Source Clock Delay      (SCD):    5.104ns
    Clock Pessimism Removal (CPR):    0.259ns
  Clock Uncertainty:      0.035ns  ((TSJ^2 + TIJ^2)^1/2 + DJ) / 2 + PE
    Total System Jitter     (TSJ):    0.071ns
    Total Input Jitter      (TIJ):    0.000ns
    Discrete Jitter          (DJ):    0.000ns
    Phase Error              (PE):    0.000ns

    Location             Delay type                Incr(ns)  Path(ns)    Netlist Resource(s)
  -------------------------------------------------------------------    -------------------
                         (clock sys_clk_pin rise edge)
                                                      0.000     0.000 r  
    E3                                                0.000     0.000 r  clk (IN)
                         net (fo=0)                   0.000     0.000    clk
    E3                   IBUF (Prop_ibuf_I_O)         1.489     1.489 r  clk_IBUF_inst/O
                         net (fo=1, routed)           1.967     3.455    clk_IBUF
    BUFGCTRL_X0Y16       BUFG (Prop_bufg_I_O)         0.096     3.551 r  clk_IBUF_BUFG_inst/O
                         net (fo=232, routed)         1.553     5.104    clk_IBUF_BUFG
    SLICE_X52Y62         FDRE                                         r  pikachu_usr_hpos_reg[1]/C
  -------------------------------------------------------------------    -------------------
    SLICE_X52Y62         FDRE (Prop_fdre_C_Q)         0.518     5.622 r  pikachu_usr_hpos_reg[1]/Q
                         net (fo=19, routed)          1.041     6.663    vs0/p_1_out[1]
    SLICE_X52Y59         LUT6 (Prop_lut6_I3_O)        0.124     6.787 r  vs0/p_1_out_i_45/O
                         net (fo=3, routed)           0.591     7.378    vs0/p_1_out_i_45_n_0
    SLICE_X51Y59         LUT3 (Prop_lut3_I2_O)        0.124     7.502 r  vs0/p_1_out_i_41/O
                         net (fo=1, routed)           0.000     7.502    vs0/p_1_out_i_41_n_0
    SLICE_X51Y59         CARRY4 (Prop_carry4_S[3]_CO[3])
                                                      0.401     7.903 r  vs0/p_1_out_i_32/CO[3]
                         net (fo=1, routed)           0.000     7.903    vs0/p_1_out_i_32_n_0
    SLICE_X51Y60         CARRY4 (Prop_carry4_CI_CO[1])
                                                      0.157     8.060 f  vs0/p_1_out_i_24/CO[1]
                         net (fo=22, routed)          0.956     9.016    vs0/p_1_out_i_24_n_2
    SLICE_X54Y62         LUT3 (Prop_lut3_I0_O)        0.355     9.371 r  vs0/p_1_out_i_1/O
                         net (fo=9, routed)           0.661    10.032    pikachu_usr_region
    DSP48_X1Y24          DSP48E1 (Prop_dsp48e1_C[12]_PCOUT[18])
                                                      2.240    12.272 r  p_1_out/PCOUT[18]
                         net (fo=1, routed)           0.002    12.274    p_1_out_n_135
    DSP48_X1Y25          DSP48E1                                      r  pixel_addr_pikachu_reg/PCIN[18]
  -------------------------------------------------------------------    -------------------

                         (clock sys_clk_pin rise edge)
                                                     10.000    10.000 r  
    E3                                                0.000    10.000 r  clk (IN)
                         net (fo=0)                   0.000    10.000    clk
    E3                   IBUF (Prop_ibuf_I_O)         1.418    11.418 r  clk_IBUF_inst/O
                         net (fo=1, routed)           1.862    13.280    clk_IBUF
    BUFGCTRL_X0Y16       BUFG (Prop_bufg_I_O)         0.091    13.371 r  clk_IBUF_BUFG_inst/O
                         net (fo=232, routed)         1.523    14.894    clk_IBUF_BUFG
    DSP48_X1Y25          DSP48E1                                      r  pixel_addr_pikachu_reg/CLK
                         clock pessimism              0.259    15.154    
                         clock uncertainty           -0.035    15.119    
    DSP48_X1Y25          DSP48E1 (Setup_dsp48e1_CLK_PCIN[18])
                                                     -1.400    13.719    pixel_addr_pikachu_reg
  -------------------------------------------------------------------
                         required time                         13.719    
                         arrival time                         -12.274    
  -------------------------------------------------------------------
                         slack                                  1.444    





Min Delay Paths
--------------------------------------------------------------------------------------
Slack (MET) :             0.089ns  (arrival time - required time)
  Source:                 pixel_addr_background_reg[5]_rep/C
                            (rising edge-triggered cell FDRE clocked by sys_clk_pin  {rise@0.000ns fall@5.000ns period=10.000ns})
  Destination:            ram_background/RAM_reg_1_0__0/ADDRARDADDR[5]
                            (rising edge-triggered cell RAMB36E1 clocked by sys_clk_pin  {rise@0.000ns fall@5.000ns period=10.000ns})
  Path Group:             sys_clk_pin
  Path Type:              Hold (Min at Fast Process Corner)
  Requirement:            0.000ns  (sys_clk_pin rise@0.000ns - sys_clk_pin rise@0.000ns)
  Data Path Delay:        0.593ns  (logic 0.141ns (23.766%)  route 0.452ns (76.234%))
  Logic Levels:           0  
  Clock Path Skew:        0.321ns (DCD - SCD - CPR)
    Destination Clock Delay (DCD):    2.040ns
    Source Clock Delay      (SCD):    1.474ns
    Clock Pessimism Removal (CPR):    0.245ns

    Location             Delay type                Incr(ns)  Path(ns)    Netlist Resource(s)
  -------------------------------------------------------------------    -------------------
                         (clock sys_clk_pin rise edge)
                                                      0.000     0.000 r  
    E3                                                0.000     0.000 r  clk (IN)
                         net (fo=0)                   0.000     0.000    clk
    E3                   IBUF (Prop_ibuf_I_O)         0.257     0.257 r  clk_IBUF_inst/O
                         net (fo=1, routed)           0.631     0.888    clk_IBUF
    BUFGCTRL_X0Y16       BUFG (Prop_bufg_I_O)         0.026     0.914 r  clk_IBUF_BUFG_inst/O
                         net (fo=232, routed)         0.561     1.474    clk_IBUF_BUFG
    SLICE_X51Y59         FDRE                                         r  pixel_addr_background_reg[5]_rep/C
  -------------------------------------------------------------------    -------------------
    SLICE_X51Y59         FDRE (Prop_fdre_C_Q)         0.141     1.615 r  pixel_addr_background_reg[5]_rep/Q
                         net (fo=12, routed)          0.452     2.068    ram_background/ADDRARDADDR[5]
    RAMB36_X2Y9          RAMB36E1                                     r  ram_background/RAM_reg_1_0__0/ADDRARDADDR[5]
  -------------------------------------------------------------------    -------------------

                         (clock sys_clk_pin rise edge)
                                                      0.000     0.000 r  
    E3                                                0.000     0.000 r  clk (IN)
                         net (fo=0)                   0.000     0.000    clk
    E3                   IBUF (Prop_ibuf_I_O)         0.445     0.445 r  clk_IBUF_inst/O
                         net (fo=1, routed)           0.685     1.129    clk_IBUF
    BUFGCTRL_X0Y16       BUFG (Prop_bufg_I_O)         0.029     1.158 r  clk_IBUF_BUFG_inst/O
                         net (fo=232, routed)         0.882     2.040    ram_background/clk_IBUF_BUFG
    RAMB36_X2Y9          RAMB36E1                                     r  ram_background/RAM_reg_1_0__0/CLKARDCLK
                         clock pessimism             -0.245     1.796    
    RAMB36_X2Y9          RAMB36E1 (Hold_ramb36e1_CLKARDCLK_ADDRARDADDR[5])
                                                      0.183     1.979    ram_background/RAM_reg_1_0__0
  -------------------------------------------------------------------
                         required time                         -1.979    
                         arrival time                           2.068    
  -------------------------------------------------------------------
                         slack                                  0.089    

Slack (MET) :             0.092ns  (arrival time - required time)
  Source:                 pixel_addr_background_reg[2]_rep/C
                            (rising edge-triggered cell FDRE clocked by sys_clk_pin  {rise@0.000ns fall@5.000ns period=10.000ns})
  Destination:            ram_background/RAM_reg_1_0__0/ADDRARDADDR[2]
                            (rising edge-triggered cell RAMB36E1 clocked by sys_clk_pin  {rise@0.000ns fall@5.000ns period=10.000ns})
  Path Group:             sys_clk_pin
  Path Type:              Hold (Min at Fast Process Corner)
  Requirement:            0.000ns  (sys_clk_pin rise@0.000ns - sys_clk_pin rise@0.000ns)
  Data Path Delay:        0.596ns  (logic 0.141ns (23.656%)  route 0.455ns (76.344%))
  Logic Levels:           0  
  Clock Path Skew:        0.321ns (DCD - SCD - CPR)
    Destination Clock Delay (DCD):    2.040ns
    Source Clock Delay      (SCD):    1.474ns
    Clock Pessimism Removal (CPR):    0.245ns

    Location             Delay type                Incr(ns)  Path(ns)    Netlist Resource(s)
  -------------------------------------------------------------------    -------------------
                         (clock sys_clk_pin rise edge)
                                                      0.000     0.000 r  
    E3                                                0.000     0.000 r  clk (IN)
                         net (fo=0)                   0.000     0.000    clk
    E3                   IBUF (Prop_ibuf_I_O)         0.257     0.257 r  clk_IBUF_inst/O
                         net (fo=1, routed)           0.631     0.888    clk_IBUF
    BUFGCTRL_X0Y16       BUFG (Prop_bufg_I_O)         0.026     0.914 r  clk_IBUF_BUFG_inst/O
                         net (fo=232, routed)         0.561     1.474    clk_IBUF_BUFG
    SLICE_X51Y58         FDRE                                         r  pixel_addr_background_reg[2]_rep/C
  -------------------------------------------------------------------    -------------------
    SLICE_X51Y58         FDRE (Prop_fdre_C_Q)         0.141     1.615 r  pixel_addr_background_reg[2]_rep/Q
                         net (fo=12, routed)          0.455     2.071    ram_background/ADDRARDADDR[2]
    RAMB36_X2Y9          RAMB36E1                                     r  ram_background/RAM_reg_1_0__0/ADDRARDADDR[2]
  -------------------------------------------------------------------    -------------------

                         (clock sys_clk_pin rise edge)
                                                      0.000     0.000 r  
    E3                                                0.000     0.000 r  clk (IN)
                         net (fo=0)                   0.000     0.000    clk
    E3                   IBUF (Prop_ibuf_I_O)         0.445     0.445 r  clk_IBUF_inst/O
                         net (fo=1, routed)           0.685     1.129    clk_IBUF
    BUFGCTRL_X0Y16       BUFG (Prop_bufg_I_O)         0.029     1.158 r  clk_IBUF_BUFG_inst/O
                         net (fo=232, routed)         0.882     2.040    ram_background/clk_IBUF_BUFG
    RAMB36_X2Y9          RAMB36E1                                     r  ram_background/RAM_reg_1_0__0/CLKARDCLK
                         clock pessimism             -0.245     1.796    
    RAMB36_X2Y9          RAMB36E1 (Hold_ramb36e1_CLKARDCLK_ADDRARDADDR[2])
                                                      0.183     1.979    ram_background/RAM_reg_1_0__0
  -------------------------------------------------------------------
                         required time                         -1.979    
                         arrival time                           2.071    
  -------------------------------------------------------------------
                         slack                                  0.092    

Slack (MET) :             0.111ns  (arrival time - required time)
  Source:                 pixel_addr_background_reg[8]_rep/C
                            (rising edge-triggered cell FDRE clocked by sys_clk_pin  {rise@0.000ns fall@5.000ns period=10.000ns})
  Destination:            ram_background/RAM_reg_1_0__0/ADDRARDADDR[8]
                            (rising edge-triggered cell RAMB36E1 clocked by sys_clk_pin  {rise@0.000ns fall@5.000ns period=10.000ns})
  Path Group:             sys_clk_pin
  Path Type:              Hold (Min at Fast Process Corner)
  Requirement:            0.000ns  (sys_clk_pin rise@0.000ns - sys_clk_pin rise@0.000ns)
  Data Path Delay:        0.615ns  (logic 0.141ns (22.911%)  route 0.474ns (77.089%))
  Logic Levels:           0  
  Clock Path Skew:        0.321ns (DCD - SCD - CPR)
    Destination Clock Delay (DCD):    2.040ns
    Source Clock Delay      (SCD):    1.474ns
    Clock Pessimism Removal (CPR):    0.245ns

    Location             Delay type                Incr(ns)  Path(ns)    Netlist Resource(s)
  -------------------------------------------------------------------    -------------------
                         (clock sys_clk_pin rise edge)
                                                      0.000     0.000 r  
    E3                                                0.000     0.000 r  clk (IN)
                         net (fo=0)                   0.000     0.000    clk
    E3                   IBUF (Prop_ibuf_I_O)         0.257     0.257 r  clk_IBUF_inst/O
                         net (fo=1, routed)           0.631     0.888    clk_IBUF
    BUFGCTRL_X0Y16       BUFG (Prop_bufg_I_O)         0.026     0.914 r  clk_IBUF_BUFG_inst/O
                         net (fo=232, routed)         0.561     1.474    clk_IBUF_BUFG
    SLICE_X49Y59         FDRE                                         r  pixel_addr_background_reg[8]_rep/C
  -------------------------------------------------------------------    -------------------
    SLICE_X49Y59         FDRE (Prop_fdre_C_Q)         0.141     1.615 r  pixel_addr_background_reg[8]_rep/Q
                         net (fo=12, routed)          0.474     2.090    ram_background/ADDRARDADDR[8]
    RAMB36_X2Y9          RAMB36E1                                     r  ram_background/RAM_reg_1_0__0/ADDRARDADDR[8]
  -------------------------------------------------------------------    -------------------

                         (clock sys_clk_pin rise edge)
                                                      0.000     0.000 r  
    E3                                                0.000     0.000 r  clk (IN)
                         net (fo=0)                   0.000     0.000    clk
    E3                   IBUF (Prop_ibuf_I_O)         0.445     0.445 r  clk_IBUF_inst/O
                         net (fo=1, routed)           0.685     1.129    clk_IBUF
    BUFGCTRL_X0Y16       BUFG (Prop_bufg_I_O)         0.029     1.158 r  clk_IBUF_BUFG_inst/O
                         net (fo=232, routed)         0.882     2.040    ram_background/clk_IBUF_BUFG
    RAMB36_X2Y9          RAMB36E1                                     r  ram_background/RAM_reg_1_0__0/CLKARDCLK
                         clock pessimism             -0.245     1.796    
    RAMB36_X2Y9          RAMB36E1 (Hold_ramb36e1_CLKARDCLK_ADDRARDADDR[8])
                                                      0.183     1.979    ram_background/RAM_reg_1_0__0
  -------------------------------------------------------------------
                         required time                         -1.979    
                         arrival time                           2.090    
  -------------------------------------------------------------------
                         slack                                  0.111    

Slack (MET) :             0.129ns  (arrival time - required time)
  Source:                 pixel_addr_background_reg[3]_rep/C
                            (rising edge-triggered cell FDRE clocked by sys_clk_pin  {rise@0.000ns fall@5.000ns period=10.000ns})
  Destination:            ram_background/RAM_reg_1_0__0/ADDRARDADDR[3]
                            (rising edge-triggered cell RAMB36E1 clocked by sys_clk_pin  {rise@0.000ns fall@5.000ns period=10.000ns})
  Path Group:             sys_clk_pin
  Path Type:              Hold (Min at Fast Process Corner)
  Requirement:            0.000ns  (sys_clk_pin rise@0.000ns - sys_clk_pin rise@0.000ns)
  Data Path Delay:        0.634ns  (logic 0.141ns (22.253%)  route 0.493ns (77.747%))
  Logic Levels:           0  
  Clock Path Skew:        0.321ns (DCD - SCD - CPR)
    Destination Clock Delay (DCD):    2.040ns
    Source Clock Delay      (SCD):    1.474ns
    Clock Pessimism Removal (CPR):    0.245ns

    Location             Delay type                Incr(ns)  Path(ns)    Netlist Resource(s)
  -------------------------------------------------------------------    -------------------
                         (clock sys_clk_pin rise edge)
                                                      0.000     0.000 r  
    E3                                                0.000     0.000 r  clk (IN)
                         net (fo=0)                   0.000     0.000    clk
    E3                   IBUF (Prop_ibuf_I_O)         0.257     0.257 r  clk_IBUF_inst/O
                         net (fo=1, routed)           0.631     0.888    clk_IBUF
    BUFGCTRL_X0Y16       BUFG (Prop_bufg_I_O)         0.026     0.914 r  clk_IBUF_BUFG_inst/O
                         net (fo=232, routed)         0.561     1.474    clk_IBUF_BUFG
    SLICE_X51Y58         FDRE                                         r  pixel_addr_background_reg[3]_rep/C
  -------------------------------------------------------------------    -------------------
    SLICE_X51Y58         FDRE (Prop_fdre_C_Q)         0.141     1.615 r  pixel_addr_background_reg[3]_rep/Q
                         net (fo=12, routed)          0.493     2.108    ram_background/ADDRARDADDR[3]
    RAMB36_X2Y9          RAMB36E1                                     r  ram_background/RAM_reg_1_0__0/ADDRARDADDR[3]
  -------------------------------------------------------------------    -------------------

                         (clock sys_clk_pin rise edge)
                                                      0.000     0.000 r  
    E3                                                0.000     0.000 r  clk (IN)
                         net (fo=0)                   0.000     0.000    clk
    E3                   IBUF (Prop_ibuf_I_O)         0.445     0.445 r  clk_IBUF_inst/O
                         net (fo=1, routed)           0.685     1.129    clk_IBUF
    BUFGCTRL_X0Y16       BUFG (Prop_bufg_I_O)         0.029     1.158 r  clk_IBUF_BUFG_inst/O
                         net (fo=232, routed)         0.882     2.040    ram_background/clk_IBUF_BUFG
    RAMB36_X2Y9          RAMB36E1                                     r  ram_background/RAM_reg_1_0__0/CLKARDCLK
                         clock pessimism             -0.245     1.796    
    RAMB36_X2Y9          RAMB36E1 (Hold_ramb36e1_CLKARDCLK_ADDRARDADDR[3])
                                                      0.183     1.979    ram_background/RAM_reg_1_0__0
  -------------------------------------------------------------------
                         required time                         -1.979    
                         arrival time                           2.108    
  -------------------------------------------------------------------
                         slack                                  0.129    

Slack (MET) :             0.132ns  (arrival time - required time)
  Source:                 pixel_addr_background_reg[8]_rep/C
                            (rising edge-triggered cell FDRE clocked by sys_clk_pin  {rise@0.000ns fall@5.000ns period=10.000ns})
  Destination:            ram_background/RAM_reg_1_3/ADDRARDADDR[8]
                            (rising edge-triggered cell RAMB36E1 clocked by sys_clk_pin  {rise@0.000ns fall@5.000ns period=10.000ns})
  Path Group:             sys_clk_pin
  Path Type:              Hold (Min at Fast Process Corner)
  Requirement:            0.000ns  (sys_clk_pin rise@0.000ns - sys_clk_pin rise@0.000ns)
  Data Path Delay:        0.369ns  (logic 0.141ns (38.174%)  route 0.228ns (61.826%))
  Logic Levels:           0  
  Clock Path Skew:        0.054ns (DCD - SCD - CPR)
    Destination Clock Delay (DCD):    2.027ns
    Source Clock Delay      (SCD):    1.474ns
    Clock Pessimism Removal (CPR):    0.498ns

    Location             Delay type                Incr(ns)  Path(ns)    Netlist Resource(s)
  -------------------------------------------------------------------    -------------------
                         (clock sys_clk_pin rise edge)
                                                      0.000     0.000 r  
    E3                                                0.000     0.000 r  clk (IN)
                         net (fo=0)                   0.000     0.000    clk
    E3                   IBUF (Prop_ibuf_I_O)         0.257     0.257 r  clk_IBUF_inst/O
                         net (fo=1, routed)           0.631     0.888    clk_IBUF
    BUFGCTRL_X0Y16       BUFG (Prop_bufg_I_O)         0.026     0.914 r  clk_IBUF_BUFG_inst/O
                         net (fo=232, routed)         0.561     1.474    clk_IBUF_BUFG
    SLICE_X49Y59         FDRE                                         r  pixel_addr_background_reg[8]_rep/C
  -------------------------------------------------------------------    -------------------
    SLICE_X49Y59         FDRE (Prop_fdre_C_Q)         0.141     1.615 r  pixel_addr_background_reg[8]_rep/Q
                         net (fo=12, routed)          0.228     1.844    ram_background/ADDRARDADDR[8]
    RAMB36_X1Y12         RAMB36E1                                     r  ram_background/RAM_reg_1_3/ADDRARDADDR[8]
  -------------------------------------------------------------------    -------------------

                         (clock sys_clk_pin rise edge)
                                                      0.000     0.000 r  
    E3                                                0.000     0.000 r  clk (IN)
                         net (fo=0)                   0.000     0.000    clk
    E3                   IBUF (Prop_ibuf_I_O)         0.445     0.445 r  clk_IBUF_inst/O
                         net (fo=1, routed)           0.685     1.129    clk_IBUF
    BUFGCTRL_X0Y16       BUFG (Prop_bufg_I_O)         0.029     1.158 r  clk_IBUF_BUFG_inst/O
                         net (fo=232, routed)         0.869     2.027    ram_background/clk_IBUF_BUFG
    RAMB36_X1Y12         RAMB36E1                                     r  ram_background/RAM_reg_1_3/CLKARDCLK
                         clock pessimism             -0.498     1.529    
    RAMB36_X1Y12         RAMB36E1 (Hold_ramb36e1_CLKARDCLK_ADDRARDADDR[8])
                                                      0.183     1.712    ram_background/RAM_reg_1_3
  -------------------------------------------------------------------
                         required time                         -1.712    
                         arrival time                           1.844    
  -------------------------------------------------------------------
                         slack                                  0.132    

Slack (MET) :             0.133ns  (arrival time - required time)
  Source:                 pixel_addr_background_reg[15]/C
                            (rising edge-triggered cell FDRE clocked by sys_clk_pin  {rise@0.000ns fall@5.000ns period=10.000ns})
  Destination:            ram_background/RAM_reg_1_3/ADDRARDADDR[15]
                            (rising edge-triggered cell RAMB36E1 clocked by sys_clk_pin  {rise@0.000ns fall@5.000ns period=10.000ns})
  Path Group:             sys_clk_pin
  Path Type:              Hold (Min at Fast Process Corner)
  Requirement:            0.000ns  (sys_clk_pin rise@0.000ns - sys_clk_pin rise@0.000ns)
  Data Path Delay:        0.369ns  (logic 0.141ns (38.210%)  route 0.228ns (61.790%))
  Logic Levels:           0  
  Clock Path Skew:        0.056ns (DCD - SCD - CPR)
    Destination Clock Delay (DCD):    2.027ns
    Source Clock Delay      (SCD):    1.472ns
    Clock Pessimism Removal (CPR):    0.498ns

    Location             Delay type                Incr(ns)  Path(ns)    Netlist Resource(s)
  -------------------------------------------------------------------    -------------------
                         (clock sys_clk_pin rise edge)
                                                      0.000     0.000 r  
    E3                                                0.000     0.000 r  clk (IN)
                         net (fo=0)                   0.000     0.000    clk
    E3                   IBUF (Prop_ibuf_I_O)         0.257     0.257 r  clk_IBUF_inst/O
                         net (fo=1, routed)           0.631     0.888    clk_IBUF
    BUFGCTRL_X0Y16       BUFG (Prop_bufg_I_O)         0.026     0.914 r  clk_IBUF_BUFG_inst/O
                         net (fo=232, routed)         0.559     1.472    clk_IBUF_BUFG
    SLICE_X48Y62         FDRE                                         r  pixel_addr_background_reg[15]/C
  -------------------------------------------------------------------    -------------------
    SLICE_X48Y62         FDRE (Prop_fdre_C_Q)         0.141     1.613 r  pixel_addr_background_reg[15]/Q
                         net (fo=43, routed)          0.228     1.841    ram_background/Q[15]
    RAMB36_X1Y12         RAMB36E1                                     r  ram_background/RAM_reg_1_3/ADDRARDADDR[15]
  -------------------------------------------------------------------    -------------------

                         (clock sys_clk_pin rise edge)
                                                      0.000     0.000 r  
    E3                                                0.000     0.000 r  clk (IN)
                         net (fo=0)                   0.000     0.000    clk
    E3                   IBUF (Prop_ibuf_I_O)         0.445     0.445 r  clk_IBUF_inst/O
                         net (fo=1, routed)           0.685     1.129    clk_IBUF
    BUFGCTRL_X0Y16       BUFG (Prop_bufg_I_O)         0.029     1.158 r  clk_IBUF_BUFG_inst/O
                         net (fo=232, routed)         0.869     2.027    ram_background/clk_IBUF_BUFG
    RAMB36_X1Y12         RAMB36E1                                     r  ram_background/RAM_reg_1_3/CLKARDCLK
                         clock pessimism             -0.498     1.529    
    RAMB36_X1Y12         RAMB36E1 (Hold_ramb36e1_CLKARDCLK_ADDRARDADDR[15])
                                                      0.180     1.709    ram_background/RAM_reg_1_3
  -------------------------------------------------------------------
                         required time                         -1.709    
                         arrival time                           1.841    
  -------------------------------------------------------------------
                         slack                                  0.133    

Slack (MET) :             0.135ns  (arrival time - required time)
  Source:                 pixel_addr_background_reg[7]_rep/C
                            (rising edge-triggered cell FDRE clocked by sys_clk_pin  {rise@0.000ns fall@5.000ns period=10.000ns})
  Destination:            ram_background/RAM_reg_1_3/ADDRARDADDR[7]
                            (rising edge-triggered cell RAMB36E1 clocked by sys_clk_pin  {rise@0.000ns fall@5.000ns period=10.000ns})
  Path Group:             sys_clk_pin
  Path Type:              Hold (Min at Fast Process Corner)
  Requirement:            0.000ns  (sys_clk_pin rise@0.000ns - sys_clk_pin rise@0.000ns)
  Data Path Delay:        0.373ns  (logic 0.141ns (37.765%)  route 0.232ns (62.235%))
  Logic Levels:           0  
  Clock Path Skew:        0.055ns (DCD - SCD - CPR)
    Destination Clock Delay (DCD):    2.027ns
    Source Clock Delay      (SCD):    1.473ns
    Clock Pessimism Removal (CPR):    0.498ns

    Location             Delay type                Incr(ns)  Path(ns)    Netlist Resource(s)
  -------------------------------------------------------------------    -------------------
                         (clock sys_clk_pin rise edge)
                                                      0.000     0.000 r  
    E3                                                0.000     0.000 r  clk (IN)
                         net (fo=0)                   0.000     0.000    clk
    E3                   IBUF (Prop_ibuf_I_O)         0.257     0.257 r  clk_IBUF_inst/O
                         net (fo=1, routed)           0.631     0.888    clk_IBUF
    BUFGCTRL_X0Y16       BUFG (Prop_bufg_I_O)         0.026     0.914 r  clk_IBUF_BUFG_inst/O
                         net (fo=232, routed)         0.560     1.473    clk_IBUF_BUFG
    SLICE_X49Y60         FDRE                                         r  pixel_addr_background_reg[7]_rep/C
  -------------------------------------------------------------------    -------------------
    SLICE_X49Y60         FDRE (Prop_fdre_C_Q)         0.141     1.614 r  pixel_addr_background_reg[7]_rep/Q
                         net (fo=12, routed)          0.232     1.847    ram_background/ADDRARDADDR[7]
    RAMB36_X1Y12         RAMB36E1                                     r  ram_background/RAM_reg_1_3/ADDRARDADDR[7]
  -------------------------------------------------------------------    -------------------

                         (clock sys_clk_pin rise edge)
                                                      0.000     0.000 r  
    E3                                                0.000     0.000 r  clk (IN)
                         net (fo=0)                   0.000     0.000    clk
    E3                   IBUF (Prop_ibuf_I_O)         0.445     0.445 r  clk_IBUF_inst/O
                         net (fo=1, routed)           0.685     1.129    clk_IBUF
    BUFGCTRL_X0Y16       BUFG (Prop_bufg_I_O)         0.029     1.158 r  clk_IBUF_BUFG_inst/O
                         net (fo=232, routed)         0.869     2.027    ram_background/clk_IBUF_BUFG
    RAMB36_X1Y12         RAMB36E1                                     r  ram_background/RAM_reg_1_3/CLKARDCLK
                         clock pessimism             -0.498     1.529    
    RAMB36_X1Y12         RAMB36E1 (Hold_ramb36e1_CLKARDCLK_ADDRARDADDR[7])
                                                      0.183     1.712    ram_background/RAM_reg_1_3
  -------------------------------------------------------------------
                         required time                         -1.712    
                         arrival time                           1.847    
  -------------------------------------------------------------------
                         slack                                  0.135    

Slack (MET) :             0.141ns  (arrival time - required time)
  Source:                 pixel_addr_background_reg[4]_rep/C
                            (rising edge-triggered cell FDRE clocked by sys_clk_pin  {rise@0.000ns fall@5.000ns period=10.000ns})
  Destination:            ram_background/RAM_reg_1_0__0/ADDRARDADDR[4]
                            (rising edge-triggered cell RAMB36E1 clocked by sys_clk_pin  {rise@0.000ns fall@5.000ns period=10.000ns})
  Path Group:             sys_clk_pin
  Path Type:              Hold (Min at Fast Process Corner)
  Requirement:            0.000ns  (sys_clk_pin rise@0.000ns - sys_clk_pin rise@0.000ns)
  Data Path Delay:        0.645ns  (logic 0.141ns (21.863%)  route 0.504ns (78.137%))
  Logic Levels:           0  
  Clock Path Skew:        0.321ns (DCD - SCD - CPR)
    Destination Clock Delay (DCD):    2.040ns
    Source Clock Delay      (SCD):    1.474ns
    Clock Pessimism Removal (CPR):    0.245ns

    Location             Delay type                Incr(ns)  Path(ns)    Netlist Resource(s)
  -------------------------------------------------------------------    -------------------
                         (clock sys_clk_pin rise edge)
                                                      0.000     0.000 r  
    E3                                                0.000     0.000 r  clk (IN)
                         net (fo=0)                   0.000     0.000    clk
    E3                   IBUF (Prop_ibuf_I_O)         0.257     0.257 r  clk_IBUF_inst/O
                         net (fo=1, routed)           0.631     0.888    clk_IBUF
    BUFGCTRL_X0Y16       BUFG (Prop_bufg_I_O)         0.026     0.914 r  clk_IBUF_BUFG_inst/O
                         net (fo=232, routed)         0.561     1.474    clk_IBUF_BUFG
    SLICE_X51Y58         FDRE                                         r  pixel_addr_background_reg[4]_rep/C
  -------------------------------------------------------------------    -------------------
    SLICE_X51Y58         FDRE (Prop_fdre_C_Q)         0.141     1.615 r  pixel_addr_background_reg[4]_rep/Q
                         net (fo=12, routed)          0.504     2.119    ram_background/ADDRARDADDR[4]
    RAMB36_X2Y9          RAMB36E1                                     r  ram_background/RAM_reg_1_0__0/ADDRARDADDR[4]
  -------------------------------------------------------------------    -------------------

                         (clock sys_clk_pin rise edge)
                                                      0.000     0.000 r  
    E3                                                0.000     0.000 r  clk (IN)
                         net (fo=0)                   0.000     0.000    clk
    E3                   IBUF (Prop_ibuf_I_O)         0.445     0.445 r  clk_IBUF_inst/O
                         net (fo=1, routed)           0.685     1.129    clk_IBUF
    BUFGCTRL_X0Y16       BUFG (Prop_bufg_I_O)         0.029     1.158 r  clk_IBUF_BUFG_inst/O
                         net (fo=232, routed)         0.882     2.040    ram_background/clk_IBUF_BUFG
    RAMB36_X2Y9          RAMB36E1                                     r  ram_background/RAM_reg_1_0__0/CLKARDCLK
                         clock pessimism             -0.245     1.796    
    RAMB36_X2Y9          RAMB36E1 (Hold_ramb36e1_CLKARDCLK_ADDRARDADDR[4])
                                                      0.183     1.979    ram_background/RAM_reg_1_0__0
  -------------------------------------------------------------------
                         required time                         -1.979    
                         arrival time                           2.119    
  -------------------------------------------------------------------
                         slack                                  0.141    

Slack (MET) :             0.142ns  (arrival time - required time)
  Source:                 pixel_addr_background_reg[1]_rep/C
                            (rising edge-triggered cell FDRE clocked by sys_clk_pin  {rise@0.000ns fall@5.000ns period=10.000ns})
  Destination:            ram_background/RAM_reg_0_3/ADDRARDADDR[1]
                            (rising edge-triggered cell RAMB36E1 clocked by sys_clk_pin  {rise@0.000ns fall@5.000ns period=10.000ns})
  Path Group:             sys_clk_pin
  Path Type:              Hold (Min at Fast Process Corner)
  Requirement:            0.000ns  (sys_clk_pin rise@0.000ns - sys_clk_pin rise@0.000ns)
  Data Path Delay:        0.404ns  (logic 0.141ns (34.907%)  route 0.263ns (65.093%))
  Logic Levels:           0  
  Clock Path Skew:        0.078ns (DCD - SCD - CPR)
    Destination Clock Delay (DCD):    2.031ns
    Source Clock Delay      (SCD):    1.474ns
    Clock Pessimism Removal (CPR):    0.478ns

    Location             Delay type                Incr(ns)  Path(ns)    Netlist Resource(s)
  -------------------------------------------------------------------    -------------------
                         (clock sys_clk_pin rise edge)
                                                      0.000     0.000 r  
    E3                                                0.000     0.000 r  clk (IN)
                         net (fo=0)                   0.000     0.000    clk
    E3                   IBUF (Prop_ibuf_I_O)         0.257     0.257 r  clk_IBUF_inst/O
                         net (fo=1, routed)           0.631     0.888    clk_IBUF
    BUFGCTRL_X0Y16       BUFG (Prop_bufg_I_O)         0.026     0.914 r  clk_IBUF_BUFG_inst/O
                         net (fo=232, routed)         0.561     1.474    clk_IBUF_BUFG
    SLICE_X51Y58         FDRE                                         r  pixel_addr_background_reg[1]_rep/C
  -------------------------------------------------------------------    -------------------
    SLICE_X51Y58         FDRE (Prop_fdre_C_Q)         0.141     1.615 r  pixel_addr_background_reg[1]_rep/Q
                         net (fo=12, routed)          0.263     1.878    ram_background/ADDRARDADDR[1]
    RAMB36_X1Y11         RAMB36E1                                     r  ram_background/RAM_reg_0_3/ADDRARDADDR[1]
  -------------------------------------------------------------------    -------------------

                         (clock sys_clk_pin rise edge)
                                                      0.000     0.000 r  
    E3                                                0.000     0.000 r  clk (IN)
                         net (fo=0)                   0.000     0.000    clk
    E3                   IBUF (Prop_ibuf_I_O)         0.445     0.445 r  clk_IBUF_inst/O
                         net (fo=1, routed)           0.685     1.129    clk_IBUF
    BUFGCTRL_X0Y16       BUFG (Prop_bufg_I_O)         0.029     1.158 r  clk_IBUF_BUFG_inst/O
                         net (fo=232, routed)         0.873     2.031    ram_background/clk_IBUF_BUFG
    RAMB36_X1Y11         RAMB36E1                                     r  ram_background/RAM_reg_0_3/CLKARDCLK
                         clock pessimism             -0.478     1.553    
    RAMB36_X1Y11         RAMB36E1 (Hold_ramb36e1_CLKARDCLK_ADDRARDADDR[1])
                                                      0.183     1.736    ram_background/RAM_reg_0_3
  -------------------------------------------------------------------
                         required time                         -1.736    
                         arrival time                           1.878    
  -------------------------------------------------------------------
                         slack                                  0.142    

Slack (MET) :             0.145ns  (arrival time - required time)
  Source:                 pixel_addr_background_reg[1]_rep/C
                            (rising edge-triggered cell FDRE clocked by sys_clk_pin  {rise@0.000ns fall@5.000ns period=10.000ns})
  Destination:            ram_background/RAM_reg_1_3/ADDRARDADDR[1]
                            (rising edge-triggered cell RAMB36E1 clocked by sys_clk_pin  {rise@0.000ns fall@5.000ns period=10.000ns})
  Path Group:             sys_clk_pin
  Path Type:              Hold (Min at Fast Process Corner)
  Requirement:            0.000ns  (sys_clk_pin rise@0.000ns - sys_clk_pin rise@0.000ns)
  Data Path Delay:        0.402ns  (logic 0.141ns (35.051%)  route 0.261ns (64.949%))
  Logic Levels:           0  
  Clock Path Skew:        0.074ns (DCD - SCD - CPR)
    Destination Clock Delay (DCD):    2.027ns
    Source Clock Delay      (SCD):    1.474ns
    Clock Pessimism Removal (CPR):    0.478ns

    Location             Delay type                Incr(ns)  Path(ns)    Netlist Resource(s)
  -------------------------------------------------------------------    -------------------
                         (clock sys_clk_pin rise edge)
                                                      0.000     0.000 r  
    E3                                                0.000     0.000 r  clk (IN)
                         net (fo=0)                   0.000     0.000    clk
    E3                   IBUF (Prop_ibuf_I_O)         0.257     0.257 r  clk_IBUF_inst/O
                         net (fo=1, routed)           0.631     0.888    clk_IBUF
    BUFGCTRL_X0Y16       BUFG (Prop_bufg_I_O)         0.026     0.914 r  clk_IBUF_BUFG_inst/O
                         net (fo=232, routed)         0.561     1.474    clk_IBUF_BUFG
    SLICE_X51Y58         FDRE                                         r  pixel_addr_background_reg[1]_rep/C
  -------------------------------------------------------------------    -------------------
    SLICE_X51Y58         FDRE (Prop_fdre_C_Q)         0.141     1.615 r  pixel_addr_background_reg[1]_rep/Q
                         net (fo=12, routed)          0.261     1.877    ram_background/ADDRARDADDR[1]
    RAMB36_X1Y12         RAMB36E1                                     r  ram_background/RAM_reg_1_3/ADDRARDADDR[1]
  -------------------------------------------------------------------    -------------------

                         (clock sys_clk_pin rise edge)
                                                      0.000     0.000 r  
    E3                                                0.000     0.000 r  clk (IN)
                         net (fo=0)                   0.000     0.000    clk
    E3                   IBUF (Prop_ibuf_I_O)         0.445     0.445 r  clk_IBUF_inst/O
                         net (fo=1, routed)           0.685     1.129    clk_IBUF
    BUFGCTRL_X0Y16       BUFG (Prop_bufg_I_O)         0.029     1.158 r  clk_IBUF_BUFG_inst/O
                         net (fo=232, routed)         0.869     2.027    ram_background/clk_IBUF_BUFG
    RAMB36_X1Y12         RAMB36E1                                     r  ram_background/RAM_reg_1_3/CLKARDCLK
                         clock pessimism             -0.478     1.549    
    RAMB36_X1Y12         RAMB36E1 (Hold_ramb36e1_CLKARDCLK_ADDRARDADDR[1])
                                                      0.183     1.732    ram_background/RAM_reg_1_3
  -------------------------------------------------------------------
                         required time                         -1.732    
                         arrival time                           1.877    
  -------------------------------------------------------------------
                         slack                                  0.145    





Pulse Width Checks
--------------------------------------------------------------------------------------
Clock Name:         sys_clk_pin
Waveform(ns):       { 0.000 5.000 }
Period(ns):         10.000
Sources:            { clk }

Check Type        Corner  Lib Pin             Reference Pin  Required(ns)  Actual(ns)  Slack(ns)  Location      Pin
Min Period        n/a     RAMB36E1/CLKARDCLK  n/a            2.892         10.000      7.108      RAMB36_X1Y6   ram_background/RAM_reg_0_0/CLKARDCLK
Min Period        n/a     RAMB36E1/CLKARDCLK  n/a            2.892         10.000      7.108      RAMB36_X2Y6   ram_background/RAM_reg_0_1/CLKARDCLK
Min Period        n/a     RAMB36E1/CLKARDCLK  n/a            2.892         10.000      7.108      RAMB36_X0Y7   ram_background/RAM_reg_0_10/CLKARDCLK
Min Period        n/a     RAMB36E1/CLKARDCLK  n/a            2.892         10.000      7.108      RAMB36_X0Y1   ram_background/RAM_reg_0_11/CLKARDCLK
Min Period        n/a     RAMB36E1/CLKARDCLK  n/a            2.892         10.000      7.108      RAMB36_X1Y8   ram_background/RAM_reg_0_2/CLKARDCLK
Min Period        n/a     RAMB36E1/CLKARDCLK  n/a            2.892         10.000      7.108      RAMB36_X1Y11  ram_background/RAM_reg_0_3/CLKARDCLK
Min Period        n/a     RAMB36E1/CLKARDCLK  n/a            2.892         10.000      7.108      RAMB36_X1Y18  ram_background/RAM_reg_0_4/CLKARDCLK
Min Period        n/a     RAMB36E1/CLKARDCLK  n/a            2.892         10.000      7.108      RAMB36_X1Y3   ram_background/RAM_reg_0_5/CLKARDCLK
Min Period        n/a     RAMB36E1/CLKARDCLK  n/a            2.892         10.000      7.108      RAMB36_X2Y4   ram_background/RAM_reg_0_6/CLKARDCLK
Min Period        n/a     RAMB36E1/CLKARDCLK  n/a            2.892         10.000      7.108      RAMB36_X2Y11  ram_background/RAM_reg_0_7/CLKARDCLK
Low Pulse Width   Slow    FDRE/C              n/a            0.500         5.000       4.500      SLICE_X57Y57  counter_reg[0]/C
Low Pulse Width   Fast    FDRE/C              n/a            0.500         5.000       4.500      SLICE_X57Y57  counter_reg[0]/C
Low Pulse Width   Slow    FDRE/C              n/a            0.500         5.000       4.500      SLICE_X57Y59  counter_reg[10]/C
Low Pulse Width   Fast    FDRE/C              n/a            0.500         5.000       4.500      SLICE_X57Y59  counter_reg[10]/C
Low Pulse Width   Slow    FDRE/C              n/a            0.500         5.000       4.500      SLICE_X57Y59  counter_reg[11]/C
Low Pulse Width   Fast    FDRE/C              n/a            0.500         5.000       4.500      SLICE_X57Y59  counter_reg[11]/C
Low Pulse Width   Slow    FDRE/C              n/a            0.500         5.000       4.500      SLICE_X57Y60  counter_reg[12]/C
Low Pulse Width   Fast    FDRE/C              n/a            0.500         5.000       4.500      SLICE_X57Y60  counter_reg[12]/C
Low Pulse Width   Slow    FDRE/C              n/a            0.500         5.000       4.500      SLICE_X57Y60  counter_reg[13]/C
Low Pulse Width   Fast    FDRE/C              n/a            0.500         5.000       4.500      SLICE_X57Y60  counter_reg[13]/C
High Pulse Width  Slow    FDRE/C              n/a            0.500         5.000       4.500      SLICE_X57Y57  counter_reg[0]/C
High Pulse Width  Fast    FDRE/C              n/a            0.500         5.000       4.500      SLICE_X57Y57  counter_reg[0]/C
High Pulse Width  Slow    FDRE/C              n/a            0.500         5.000       4.500      SLICE_X57Y59  counter_reg[10]/C
High Pulse Width  Fast    FDRE/C              n/a            0.500         5.000       4.500      SLICE_X57Y59  counter_reg[10]/C
High Pulse Width  Slow    FDRE/C              n/a            0.500         5.000       4.500      SLICE_X57Y59  counter_reg[11]/C
High Pulse Width  Fast    FDRE/C              n/a            0.500         5.000       4.500      SLICE_X57Y59  counter_reg[11]/C
High Pulse Width  Slow    FDRE/C              n/a            0.500         5.000       4.500      SLICE_X57Y60  counter_reg[12]/C
High Pulse Width  Fast    FDRE/C              n/a            0.500         5.000       4.500      SLICE_X57Y60  counter_reg[12]/C
High Pulse Width  Slow    FDRE/C              n/a            0.500         5.000       4.500      SLICE_X57Y60  counter_reg[13]/C
High Pulse Width  Fast    FDRE/C              n/a            0.500         5.000       4.500      SLICE_X57Y60  counter_reg[13]/C



